{
    "Custom Neural Network": {
        "F1": 0.8623024194756197,
        "CM": [
            [
                2508,
                444,
                222
            ],
            [
                132,
                2209,
                96
            ],
            [
                117,
                286,
                3344
            ]
        ],
        "MCC": 0.7934810552923607
    },
    "DistilBERT": {
        "F1": 0.3086590072119339,
        "CM": [
            [
                2905,
                269,
                0
            ],
            [
                1378,
                1059,
                0
            ],
            [
                1948,
                1799,
                0
            ]
        ],
        "MCC": 0.20482974434122708
    },
    "BERTweet": {
        "F1": 0.1718068255204697,
        "CM": [
            [
                3174,
                0,
                0
            ],
            [
                2437,
                0,
                0
            ],
            [
                3747,
                0,
                0
            ]
        ],
        "MCC": 0.0
    },
    "VADER": {
        "F1": 0.2446533754716227,
        "CM": [
            [
                3172,
                2,
                0
            ],
            [
                2437,
                0,
                0
            ],
            [
                12,
                3735,
                0
            ]
        ],
        "MCC": 0.05564685113045962
    }
}